loopCount,nestedLoopDepth,stringConcatOps,listScanOps,functionCount,avgFunctionLength,energyLabel
8,4,4,17,4,199,8.255146571095029
0,1,2,14,11,171,3.875908742029264
11,2,6,4,10,168,6.613408127063863
9,3,0,7,5,33,5.780206685480331
3,2,4,7,11,11,4.651048586931147
10,1,7,6,1,230,5.646871776404884
1,4,9,14,11,36,5.964943751967383
2,1,6,17,1,159,5.865828271968968
4,4,5,13,9,48,5.72804383633752
12,3,9,15,10,62,8.938529063665403
3,4,9,0,5,114,5.158831325841724
7,1,4,8,10,75,4.405461495452719
2,1,2,9,10,162,2.859990965263321
12,2,4,9,9,94,7.331059043401639
6,4,6,6,3,74,6.537477719340065
14,1,9,7,3,172,8.305361875150487
9,1,3,18,6,74,5.955038158477786
0,4,6,13,1,46,5.58978959718873
9,2,9,13,4,74,7.564101519377658
12,0,5,17,1,101,8.082771512197773
8,3,8,15,7,109,7.5660203376353365
4,4,6,6,8,125,4.44798661495319
10,0,0,0,11,218,3.883061441128672
5,3,5,13,6,136,5.90460116094579
8,3,5,10,6,161,7.188921406071665
7,2,8,5,1,141,5.512259286967579
6,4,2,10,1,213,6.1703824186807665
9,0,4,14,6,199,5.64602791853915
4,2,2,14,7,90,4.0821058958748075
12,1,3,17,5,184,7.907622208443883
12,0,3,0,3,230,5.327513788377883
11,3,3,13,2,50,6.869657284263247
6,2,0,7,10,8,4.550891314638698
13,1,6,13,5,26,8.256644829341276
9,0,6,10,10,28,5.802799822947404
5,3,7,19,5,44,6.718287474335064
1,0,0,8,9,153,1.6798382043691924
3,1,1,11,11,246,3.460771827089345
3,1,3,13,5,110,3.322610444255279
6,2,9,3,3,59,5.118943678304557
5,4,8,0,5,213,5.433199986217057
10,2,9,2,9,138,6.7696688886736025
2,4,2,8,7,99,3.744993891892186
8,0,7,4,9,84,4.63718612128653
14,2,5,7,4,191,7.993162321710444
13,3,5,6,8,209,7.880729005195669
1,4,8,16,10,224,7.065454608580352
5,3,7,12,5,34,6.463439434978655
1,0,8,6,8,227,2.5965828942790043
14,0,3,0,6,108,4.436968937551139
8,1,1,7,7,72,4.643109477028203
4,0,7,2,8,222,3.3107085229879765
11,2,0,9,2,206,5.855369787989849
1,2,4,0,2,34,1.7417112798319092
6,4,6,0,1,236,5.875329454875066
11,3,8,4,4,214,8.245069453424236
14,0,5,0,7,238,5.222286342568398
7,3,0,8,8,148,5.805753880007068
14,4,4,12,7,99,8.899063765654699
10,1,8,0,1,72,6.140445907167474
14,3,2,14,6,207,8.56119241775845
11,3,6,8,1,113,8.119420185978342
2,3,1,14,10,188,4.813722997670965
0,0,4,14,11,241,2.3694781904568445
8,3,3,10,4,190,6.459606369961563
6,3,7,11,11,99,6.996113992122956
0,3,4,4,10,228,2.896821029229799
13,2,5,3,8,179,6.460502635477049
7,4,1,6,6,60,4.899675542699867
3,4,5,1,2,170,4.6646931410643475
9,2,1,13,3,44,6.092389193994066
12,0,6,13,2,55,6.855367382052081
10,1,1,9,2,247,5.27123762149338
10,4,4,9,8,139,7.064325242126334
5,3,0,0,7,102,3.2040349018916974
0,2,0,14,7,207,2.800235700079386
13,1,7,12,6,83,7.82477225419293
11,1,4,18,11,192,8.05772623657219
11,4,6,10,5,41,8.200048520705192
1,2,3,2,7,227,1.9007775955604314
5,0,5,19,1,38,4.762980700912831
8,1,7,18,9,138,7.233963328703352
0,2,3,7,6,209,2.600260556522263
0,1,0,1,1,244,1.4459709738517088
3,0,5,19,8,192,4.913835118642952
11,2,1,10,7,249,6.383049435817648
9,3,6,5,5,208,6.844788965156254
2,0,7,3,8,55,2.9139152037962095
8,1,1,12,4,46,5.54245878130695
7,2,1,14,3,53,5.473020650233712
1,2,1,2,9,143,1.45651166805471
9,0,2,4,6,195,4.382232399447673
9,3,4,18,6,20,8.025740553844704
14,4,0,15,3,219,8.75289534087533
1,3,1,1,3,6,2.2216169730852124
0,0,8,5,9,158,2.6973386097070007
4,0,7,8,4,114,3.9091156060976413
3,0,9,9,7,22,4.109694273147767
10,2,2,16,5,247,6.857048735281809
11,4,6,1,4,17,6.590477217911219
3,4,0,10,2,107,4.384787473804301
9,2,2,15,11,95,6.78728913876912
6,1,3,8,10,38,4.358234077551051
6,1,4,6,10,60,4.488056847869032
13,1,4,7,3,148,5.285427802388765
0,1,0,1,2,48,0.502546543552971
3,4,0,13,6,217,5.493118332575013
5,2,4,11,1,85,5.591933779338189
11,0,3,15,8,109,6.618878473353202
2,2,7,15,6,54,6.876557143918059
10,2,3,9,3,202,6.509933742897223
10,3,4,18,7,98,7.548712566966047
8,1,1,17,9,240,6.24904263147824
10,2,7,10,6,88,7.3267310534991275
12,3,7,10,3,73,8.157171324527619
1,1,9,4,7,75,2.8434582644920834
10,1,8,15,1,17,7.569085835659091
14,0,8,13,7,143,9.007140698466412
7,0,5,5,3,55,4.6870331576450415
6,1,7,17,2,87,6.452547236639251
9,2,6,1,2,214,6.057715087162655
11,3,5,13,9,34,8.129930292879488
8,4,5,9,4,228,6.846245921423925
2,4,5,12,9,152,6.0843530197122275
11,1,0,5,3,24,4.341522674684006
7,1,6,2,1,186,4.493230664334999
8,3,6,7,7,126,6.846460903932159
13,1,9,2,4,216,6.44062701141992
11,1,2,15,1,111,6.510702199342622
6,3,6,1,1,225,6.085332187761786
8,1,8,0,7,113,4.08648942616455
4,2,0,19,5,62,5.434440780535009
6,4,5,8,6,205,6.717834523553264
10,4,4,15,10,115,8.692540126841946
12,3,6,5,1,181,7.6905680346438485
5,1,2,12,9,213,4.217892301461097
12,0,3,7,1,85,5.536455505981953
12,4,2,7,3,205,6.857854769176145
8,1,7,9,4,13,5.924690260062211
10,2,6,9,11,224,6.54784127857336
7,2,9,7,1,16,6.350944349678762
11,0,8,17,11,189,7.998142922902204
14,2,6,11,6,246,8.840842125092864
9,4,4,9,8,103,7.089620152001647
5,4,5,13,5,54,6.0713813567431165
13,1,4,14,11,238,7.660267709403648
6,4,8,11,9,73,7.8605504499761025
14,3,2,12,6,138,7.370035500236943
14,3,0,11,11,18,7.6250854025327826
13,0,3,0,5,178,5.484158738869368
2,1,4,12,5,56,4.577675434875927
11,2,1,8,2,66,6.554934253857449
6,4,2,13,7,161,6.697640186591692
11,1,8,8,4,141,6.90154197799543
12,0,6,3,2,75,5.541437460857835
7,2,8,17,4,6,7.255096047110205
7,2,2,16,10,243,6.7444049445789975
5,2,4,14,3,174,5.34500923426563
10,1,1,7,2,248,5.179924537071909
7,2,6,17,11,181,8.199796220341835
13,3,3,9,5,240,7.876302555855197
11,4,9,18,11,158,9.506412837183532
0,4,7,19,10,231,7.138897893166277
4,0,0,11,10,112,3.2614361559246725
14,0,5,13,8,119,7.859851854897779
4,2,0,13,9,104,4.202183204264138
13,1,9,8,5,82,6.8736240185345245
4,0,2,14,6,28,4.503436398994757
13,4,4,13,7,235,8.601895963765589
9,4,9,18,4,182,9.554879548896828
0,1,9,5,10,5,2.8334546044848414
11,1,9,8,2,164,6.971535156664798
4,4,3,10,10,186,5.399119023442852
13,4,8,8,7,97,9.142948427763848
11,4,1,6,6,6,6.252571843449749
13,4,1,5,4,134,7.13605647420581
14,1,1,4,8,87,5.7822596361667316
10,4,9,13,5,241,9.73985140255088
4,1,3,19,1,169,5.732571806280518
12,4,0,5,3,119,6.558059647306637
8,4,8,12,1,165,8.367340344234773
7,1,5,19,11,189,7.131760833256117
7,1,3,9,11,24,4.417338486628393
9,3,2,2,9,242,5.172880318586206
2,4,4,1,4,70,3.789212400536444
7,1,3,6,11,58,3.25176477276573
0,3,5,2,1,222,2.4372388682393407
10,2,5,0,6,18,5.232841887675753
9,3,7,11,9,117,6.966092438859255
3,2,9,3,3,19,2.9892505018932587
13,1,2,0,3,138,6.516125252483718
9,1,6,14,1,111,7.06616910303971
9,2,8,10,6,150,7.353643135353439
9,4,3,7,9,238,7.213497782877268
4,4,2,4,10,102,4.34162092893353
6,2,1,12,4,122,4.380176162616457
8,1,8,17,9,193,8.190005127181951
6,2,8,13,4,182,6.187377266638563
2,4,6,5,10,164,4.780314048017926
6,4,6,18,5,121,8.4906494795788
3,3,4,4,2,77,3.4751210228980383
14,2,4,16,7,231,9.2461307714443
7,3,8,17,10,62,7.273612838700242
10,2,4,12,7,5,6.796344940163624
14,2,8,6,9,192,8.151809733167068
14,4,6,6,8,77,7.67768461165323
2,1,1,18,7,120,4.726259207068278
1,0,5,17,6,45,4.76899754197611
10,2,2,4,4,16,4.816770923081811
12,0,2,7,11,226,5.957920365383467
7,1,2,6,11,188,4.9203828123274995
12,3,3,1,1,133,6.099539763849845
12,2,0,14,3,243,7.157949750208684
14,4,3,6,4,213,8.587889735005676
14,4,2,10,5,47,9.149640381309661
14,0,2,5,5,162,5.431802642923102
6,3,7,16,11,154,7.248277221269823
12,2,9,4,4,15,7.3258713383086445
3,4,9,19,4,106,7.2831914825494
6,2,7,7,11,35,5.009803865658653
14,4,4,18,10,219,10.582419455444281
10,1,3,12,11,98,6.34620126546448
0,4,1,0,2,113,1.8958637802167448
0,4,9,11,11,9,5.387154417774376
12,3,2,8,7,89,6.38303765150677
3,4,5,15,2,234,6.935881619490819
11,1,5,6,2,223,5.80536128927909
0,1,6,14,2,179,4.103599003650853
6,2,5,0,9,126,4.289905905708113
13,1,7,14,3,91,7.930726612312206
2,3,0,9,6,169,4.419005297148062
3,4,2,2,2,246,3.600204043662743
5,0,5,11,3,73,4.832137072054799
8,3,7,8,7,110,6.929154389323781
9,3,7,6,3,120,6.057651144822712
1,0,0,5,1,132,1.4772622354030982
0,2,6,11,8,169,3.923815692307551
5,4,3,1,3,196,4.24083711638612
5,3,1,18,2,110,5.619703225045884
10,3,1,14,5,154,7.852594928225396
5,2,5,13,1,205,6.899682927160097
8,4,2,11,1,163,6.439904008549948
10,1,8,11,11,43,7.492624944187798
0,4,6,6,6,27,4.751815515355195
3,0,5,12,11,176,4.684071555022059
10,0,4,15,8,33,6.247407669125101
6,4,6,17,9,249,8.249058451663107
7,4,3,2,10,31,4.800401641382327
7,2,3,1,5,114,3.9803074122875355
7,1,2,17,4,35,5.806971243064411
4,4,9,7,10,153,6.374988112075568
12,4,7,18,8,225,10.28856587129644
3,4,4,15,2,37,6.407946504683285
11,3,7,16,2,228,9.459880519728879
13,1,5,11,5,192,7.292046516495107
7,3,8,1,2,52,5.440922310197912
10,0,6,11,5,43,6.530464199771758
1,0,3,7,5,141,1.487837097543089
9,3,8,5,8,209,6.733344521753707
3,0,9,19,2,235,5.887401207568706
13,3,7,11,6,133,8.878655015622611
6,0,6,0,4,67,4.4090767659859695
0,0,0,18,1,71,3.4388970627035724
3,4,5,8,5,53,5.765715056038241
11,2,8,1,5,60,6.754683817521337
5,3,1,19,5,73,5.50258911568845
9,0,7,12,1,78,5.50326422050697
1,3,8,2,10,88,3.616274864455722
3,0,9,14,7,105,5.258152981623041
8,0,6,14,4,212,6.391711939232059
7,3,3,14,10,17,7.407141279525732
11,3,4,6,9,136,7.031000222414773
13,2,4,1,10,122,6.351450680056303
12,2,5,3,9,7,6.0452275858490285
2,4,4,13,7,97,5.770263438527973
7,2,0,6,3,172,4.216858642074877
12,1,1,0,9,144,5.14230477810891
4,0,7,13,11,248,5.222335025799108
10,1,8,14,7,116,7.510163698672218
2,0,0,3,10,226,2.3265084408453003
5,4,8,17,4,19,7.049122764846956
2,2,7,1,10,55,2.3478590059474165
13,0,8,5,5,128,6.77866365506639
12,1,8,18,7,237,8.883058287047835
10,2,3,15,5,115,7.4452780770519205
4,1,1,3,6,193,2.4821662253928154
12,2,0,18,5,221,7.518965558937028
12,4,9,4,9,182,8.070896748335096
0,4,1,2,1,57,2.3787189946862477
2,4,1,15,1,15,5.0210529409218045
3,0,2,15,3,94,2.694703716229123
0,3,9,17,8,29,6.072163163775385
14,2,0,13,1,239,8.00800366098857
8,2,9,6,9,117,6.732392513196648
1,3,1,11,8,224,3.7089497816918944
11,4,9,7,7,213,8.497534610913787
3,1,5,13,2,30,4.788424006268873
10,0,0,16,6,118,6.508020005366726
2,0,6,8,1,103,2.193105233373192
4,1,8,14,3,34,5.795852533237153
11,4,8,0,9,105,7.315544693985581
6,4,6,2,7,163,5.142944224295619
10,1,1,15,1,119,5.781827463324826
4,4,8,4,3,116,5.26344937543032
3,2,4,17,7,180,6.003864203403317
3,1,0,9,2,105,3.2100351615847456
10,0,7,11,9,151,6.737941834774356
14,2,8,12,4,114,8.895757115764042
10,3,3,2,3,71,5.600085698737987
11,0,8,8,6,126,6.303351709616958
2,3,4,1,1,116,3.5782939835619207
0,1,7,2,6,111,2.390333761874437
4,4,1,7,8,5,4.328598868504099
9,0,5,11,3,106,5.656918638182598
6,4,7,6,2,213,7.234081234066579
3,2,5,1,11,19,3.6142713792581644
10,2,9,4,11,211,7.3225564303677775
4,2,3,7,4,215,4.587171658044999
1,0,8,9,11,67,3.8729657918004854
5,0,3,18,10,5,4.337335385684559
11,0,0,4,11,191,4.7451606940874145
10,0,2,8,7,83,5.099875872949882
8,2,5,11,2,73,6.382965262285215
0,0,2,2,5,96,1.0062364784550164
4,2,4,9,3,192,4.898632266802508
5,2,3,0,4,62,3.494844632300041
12,2,3,8,7,177,6.627119060857262
10,4,8,2,4,205,7.167655156223701
8,2,3,19,11,174,5.409844150514496
1,1,9,7,10,44,2.827172063553872
0,1,3,14,9,103,3.8034906292296617
12,0,5,14,9,201,7.900071042305194
5,2,6,10,2,226,4.878664603094575
0,4,7,1,11,185,2.9463621313974486
12,3,2,17,6,244,9.016434055095338
12,4,0,19,2,53,8.587784715826226
8,4,1,12,6,117,7.386689644148751
5,4,2,3,10,185,5.511765373841313
12,3,5,12,9,62,7.747758849637553
0,3,3,18,7,138,5.881307835803771
6,3,4,16,11,9,7.373334122728645
1,2,5,4,8,87,2.61161876703114
0,0,2,7,6,72,1.2163339449202804
14,4,6,16,7,69,9.798125827025075
2,0,8,19,1,46,5.056333855507249
6,1,6,18,6,205,6.003631342878861
4,1,5,19,6,95,5.764463871474405
14,3,2,13,11,29,8.146660179727998
5,4,7,16,5,94,7.671144808677423
13,3,5,11,10,118,8.849343506945768
9,3,4,10,4,111,5.865677356593828
8,2,4,8,2,86,5.24736381837105
3,4,6,14,10,134,6.909498205570607
4,2,3,12,6,159,5.131785349147297
4,0,6,12,4,22,4.14298576854309
1,4,9,7,9,91,5.410796751793461
7,4,2,19,11,190,8.325068143945742
4,4,8,5,9,178,5.772702655225408
3,0,8,17,6,151,5.5345581991127695
13,4,9,13,6,179,10.184818538869573
3,2,9,18,9,156,6.033718375550373
9,0,8,5,6,225,5.308282094079012
13,0,9,9,3,105,7.268582326250785
14,2,5,11,6,45,8.966598241502863
13,2,7,15,8,183,9.44721541243725
3,0,0,18,10,108,3.8020159696433247
11,0,8,0,9,142,4.166125704040862
0,3,7,15,1,46,5.428376290582132
6,3,0,19,8,41,5.577586589780667
7,0,2,15,9,180,5.524696554800907
14,0,5,2,7,178,6.645455192714548
4,4,7,14,1,238,7.357848477003574
6,3,1,19,6,78,6.756071849807976
1,1,4,16,2,209,3.75977866428852
4,3,0,5,9,210,3.8581354662389096
2,1,4,11,1,248,3.9362548714367724
2,4,0,1,8,119,3.1763863591475054
4,2,1,13,1,74,4.232433990935851
13,2,2,3,2,38,6.383946217940034
10,2,4,1,5,34,4.346469528650416
11,1,7,3,9,15,5.626245997090676
6,1,7,13,4,118,5.883977768457317
0,2,9,4,9,126,3.7276377579452773
3,4,4,17,5,233,6.401265283928098
14,3,2,0,1,114,5.191464531359433
2,2,5,2,3,226,3.4609374967601494
10,1,5,6,1,87,6.052849275674989
3,1,0,10,3,184,3.256342285002403
14,1,5,0,8,73,5.845799591780787
5,3,8,13,1,132,6.279906244913659
4,0,2,8,2,83,2.363022147711817
13,0,0,4,8,230,4.668938722701478
13,4,2,18,8,18,10.068394003740313
8,3,7,5,5,162,6.67504072520822
6,2,1,12,8,43,5.066223721405593
10,2,9,15,2,217,8.247125910102383
4,3,2,9,4,46,4.445752604477284
1,1,4,4,1,242,2.440766767843839
13,1,5,11,9,231,7.348189575532825
0,4,2,0,6,240,3.2426507273986207
8,0,5,14,3,163,6.0839943415639235
11,1,8,1,3,242,5.2267894659974905
10,0,5,15,1,221,6.72289202562218
3,2,3,0,6,200,3.2113984622903597
8,3,2,12,4,196,5.975386916594802
11,1,6,7,3,239,6.489861604070605
5,1,1,12,9,42,4.381508484079055
11,1,9,5,7,130,6.3518402541848085
8,1,9,15,4,88,7.025567789930356
4,1,4,15,4,237,5.009481611458672
11,0,4,19,8,25,6.371141823513502
3,3,6,4,5,96,3.727834870914216
10,1,3,6,9,163,4.99005553759767
10,2,7,13,2,236,7.759107273936031
10,3,9,15,6,140,8.920412885371636
2,3,2,17,3,57,5.076077639067114
1,3,9,15,6,165,6.254929692791991
5,0,4,4,3,180,3.3610532956232477
6,2,3,2,9,106,4.310894269471276
14,1,6,13,9,135,7.749923447687132
11,0,0,9,10,122,4.87682250409805
14,2,5,1,9,185,6.403505219722403
11,0,8,6,7,61,6.406361390934173
11,2,6,16,3,50,7.906487665117136
2,3,7,6,7,33,5.304165861562704
5,2,5,5,1,159,4.880528656586013
0,4,3,8,10,54,3.7610764998605677
6,1,4,6,11,55,4.9483465908314574
10,3,7,8,5,23,7.476372765161417
4,3,7,6,9,216,5.695561188433857
13,1,5,8,4,92,6.634140936801655
1,1,2,1,1,20,2.262414159579009
6,2,8,18,8,183,7.475362267186926
3,4,6,16,6,135,7.261292438711579
11,3,4,4,11,158,7.3563498692770946
2,3,1,17,10,43,5.413341487913323
1,2,9,19,1,32,7.317188654580958
4,4,4,7,7,92,5.131267056202265
4,3,3,18,7,155,7.066770038704831
6,0,5,13,7,172,5.467925385462683
2,4,3,4,2,203,4.1494242839420945
9,0,1,17,2,186,5.709483238028837
13,2,6,11,1,35,7.163214996447422
10,1,5,11,4,243,7.125419743015953
1,0,1,3,11,139,1.9010113197557734
2,1,8,7,11,75,4.307278585964601
4,0,6,3,1,114,3.338145406844075
13,3,2,9,3,219,7.257076061555764
2,1,2,1,11,213,2.673606026822954
8,4,3,9,11,192,7.509066614611294
10,0,9,1,2,82,4.795767735446191
14,4,7,8,7,232,9.19353963507024
7,4,7,13,11,135,7.199518899365719
12,0,0,19,3,67,5.853637779864518
1,1,5,13,8,154,3.9669011877462386
14,1,4,12,1,84,7.20430167119861
12,4,8,10,10,163,9.035088421580527
12,3,3,1,3,188,6.668960513791166
12,1,3,19,7,108,7.237054978736369
10,3,7,5,6,63,6.348342811877318
14,3,8,15,6,116,9.035745965187063
1,0,9,15,8,66,4.385835982143682
8,3,7,11,8,88,6.695364222286131
9,1,4,1,5,174,4.768537718948727
7,0,2,13,2,154,3.9637351335780293
9,4,0,13,7,103,6.004026034213379
3,2,4,13,6,249,5.264015822952636
14,2,9,18,7,164,9.520191462005084
4,4,3,17,2,152,6.01806559216275
14,3,9,0,10,50,7.843834292876904
3,0,2,3,9,30,2.3197360005676764
13,1,9,15,8,199,8.120293351704921
3,1,4,16,9,40,5.745633176802055
6,2,4,6,2,199,4.697096480582864
10,3,4,18,9,77,8.0235319317268
5,3,9,8,6,130,5.723432446000543
10,2,7,1,2,193,6.600800477693047
0,0,7,6,11,128,3.121641381534741
11,1,2,14,4,123,7.412639200109053
12,2,9,1,5,163,6.4699326620830435
0,3,0,12,8,63,3.7771207030672582
10,1,1,12,4,28,5.9783508320049155
9,4,9,10,10,156,8.650772842513028
10,0,1,4,8,94,4.030413797251579
5,2,2,8,3,248,4.799647986782594
14,2,9,5,10,125,7.35817664536864
6,1,5,9,9,128,4.80087035769976
7,1,8,6,10,73,5.123110005418213
5,3,4,11,8,113,6.2278783240402795
5,2,5,19,10,236,7.0229755250635355
6,2,6,18,5,100,6.0830368035949824
5,4,8,1,4,245,5.399545718332216
1,1,9,1,6,203,4.049393896881147
7,4,7,11,2,124,6.565192041305499
14,0,6,7,2,182,6.652347217264682
8,2,6,13,11,148,7.272012506230946
8,4,2,14,1,47,6.9807321998751375
13,4,4,8,2,129,8.317289230608916
11,2,4,9,10,220,7.568721575948043
4,0,8,17,10,81,5.840060411536604
1,3,9,1,10,224,3.5888260976479147
7,2,2,1,5,116,4.637545042140173
11,0,0,9,11,230,5.410455470604199
13,4,1,0,1,75,6.048352572283426
8,1,1,6,11,213,4.542344636440975
12,4,7,0,4,51,7.417018620888662
5,3,7,1,8,133,4.990890604053806
0,1,7,7,8,243,3.7226154231696618
0,3,4,15,2,48,4.352761740106052
13,3,3,17,3,68,8.370068787344744
3,3,7,4,11,155,4.363115632482067
7,4,2,10,10,198,6.40140969118015
10,1,9,14,1,225,7.300523738513598
0,1,0,18,10,159,3.8797869859812764
14,1,0,9,10,218,6.208323048153249
10,4,8,7,6,97,7.9762248474992665
8,1,9,12,1,64,5.810096996834265
9,4,9,8,7,240,7.949832003889144
6,2,3,5,5,84,4.008485701123026
8,0,7,14,9,76,6.053308867455158
0,4,8,11,4,86,4.527149253147808
8,2,8,1,11,139,5.411324037828768
1,4,1,11,4,144,3.661692867060512
2,4,6,5,3,70,4.817849659528659
5,2,8,1,7,245,4.5090120208037705
5,1,9,9,6,145,5.389866784005873
0,3,9,8,9,107,5.007202648370719
8,1,2,14,8,170,5.58195064002382
14,3,3,17,11,47,9.130960018538175
14,4,6,4,10,44,8.005410685516464
5,1,9,4,5,158,4.720160446788319
5,3,6,0,8,114,4.9220233465994925
2,4,8,3,3,181,5.352954880080676
5,3,6,18,3,186,8.172062855017712
3,3,6,14,6,239,6.001113904676798
3,0,4,18,7,40,4.708871910810925
2,3,3,1,3,121,2.5358296824595925
6,2,8,14,7,127,6.347503764081501
9,2,7,8,10,5,5.832458145908382
8,3,8,2,10,46,6.355300445818395
13,1,5,5,5,116,5.544028229160258
0,0,1,15,2,214,2.8200289217240835
4,4,9,1,10,49,4.670518292241564
12,4,0,17,4,209,9.552413802167125
7,1,6,6,3,66,5.283950081556085
0,4,1,5,7,186,2.7785829661680035
3,0,4,18,10,109,4.353099961643998
6,1,9,19,5,212,7.083751107599769
6,2,5,4,6,223,4.693383606428437
9,1,2,9,1,144,6.309526246040586
4,0,3,14,3,25,4.019798809099525
10,4,4,14,2,99,9.041342916511084
10,2,1,7,10,9,5.080994346639846
5,1,7,15,3,138,5.8446747870127
5,0,3,16,10,65,4.1260314416668225
14,2,0,1,4,199,5.951289377032566
1,1,4,17,1,106,3.6250882590525064
2,4,0,6,6,79,4.329653062740133
10,4,2,7,7,147,7.089798545111599
8,4,3,12,10,99,6.976905722863773
8,1,6,18,3,182,6.484381087250151
2,4,4,11,11,22,5.60513986487639
12,2,5,8,8,202,6.829305113213797
14,4,4,16,8,36,9.577406523494394
10,3,4,13,9,124,7.7370020646151545
6,0,9,8,2,193,4.853005765015013
8,0,5,16,9,162,5.950302539169188
13,3,9,17,3,122,9.963426715978049
14,2,2,14,7,99,7.463874190292688
9,0,6,3,11,168,4.445843669665126
11,1,5,16,11,210,7.669018935062354
4,3,1,15,2,225,5.86175351137477
2,1,2,19,2,136,4.168116357732007
11,2,8,1,7,118,5.594612864060707
14,3,1,14,6,144,8.009908929697371
10,4,3,15,5,230,8.421363324189583
2,4,0,2,8,12,2.894105262982581
3,3,6,4,4,133,5.0461197722242215
13,0,9,3,2,225,6.395191724882422
14,1,9,11,4,185,7.945789252696608
8,3,4,8,9,27,5.744978686613358
5,2,1,7,3,86,3.6005384688814965
8,4,0,16,9,45,6.529754453948418
10,1,0,3,10,243,3.672411717984229
12,1,4,12,2,209,6.9384451149279025
5,2,8,2,6,43,4.2630722635781755
13,2,4,14,8,227,7.673460286733722
13,1,3,3,1,106,5.199987531624027
2,4,8,1,7,225,4.592215519599325
0,0,4,17,10,109,4.383315772649927
11,4,3,8,1,214,7.5327903407686225
4,1,4,14,11,217,5.263146273111069
13,2,0,7,5,42,5.3886933556536025
6,1,0,19,2,29,4.733600904792851
8,1,0,1,8,209,3.286114129220962
4,2,1,16,6,34,5.320019564237029
2,4,4,11,9,46,5.449926359549152
3,2,8,16,9,216,6.1272847870072376
5,3,5,14,8,84,6.448421274495309
7,2,0,15,5,248,6.0754515784027046
4,4,1,14,1,66,5.507881551909752
2,3,0,12,7,13,4.011991634616482
10,2,4,3,9,66,5.16210026901452
2,0,2,15,2,212,3.3098500611023813
12,2,6,8,4,20,7.190558817495571
2,3,5,5,8,245,4.540802931346644
8,2,3,10,3,131,5.0275773858195345
5,3,8,0,2,183,4.913792845722461
5,0,6,17,10,226,5.286374325158274
5,4,3,8,9,13,4.155624810205159
11,4,0,4,8,18,5.783193064776936
4,4,5,12,10,38,6.3501426432467305
0,2,3,16,1,242,5.188614911981767
13,3,4,16,5,177,9.721332602094707
5,0,1,16,9,214,4.7540376767625885
13,3,7,11,10,219,9.974728740565412
3,0,8,19,6,37,5.062885193911746
9,1,3,12,5,212,5.336366473905413
3,2,2,19,10,107,5.861969782055295
3,1,6,3,10,121,3.8695357962483268
11,1,7,11,2,207,6.614914198127004
9,0,9,17,4,97,7.4176739919900845
0,2,7,6,5,77,3.7138993033505217
14,3,7,9,2,161,9.212088139100537
2,3,3,2,11,161,2.3897727543864105
11,0,7,14,11,126,7.21055630574594
10,4,6,0,6,5,6.027962657881443
13,4,5,12,5,209,8.800656467295196
11,0,5,19,8,51,6.189649373600007
3,2,3,16,1,173,4.324498661094875
1,2,4,8,6,243,3.7720486094620016
2,4,0,11,5,56,4.4360887878788215
11,4,0,17,1,30,8.299112730958596
0,0,5,2,10,222,1.2814282336948721
2,3,8,1,11,6,3.3899182862177017
13,4,4,11,10,190,9.506859528818604
2,4,2,8,10,243,4.7380771785554465
13,1,0,4,2,107,5.283466198512121
13,3,3,2,7,164,6.433080222212006
12,3,6,2,3,17,6.938902530994424
2,0,5,4,1,69,3.327479865558071
2,4,3,11,10,58,4.70166712146503
10,2,7,19,6,205,9.459362409538878
8,4,9,9,4,96,7.444309978341137
0,3,5,11,3,226,4.833866535655996
12,1,2,12,7,15,6.8871077034490895
14,4,4,13,11,163,9.835971706928843
14,0,5,2,8,201,6.794243870559029
9,2,0,9,2,215,5.032680750809784
2,1,3,16,5,83,4.446420088528019
12,2,4,17,10,24,8.393028085096457
10,2,2,19,2,150,7.6705996380639085
12,0,9,2,2,170,5.687108680975148
10,3,6,19,10,235,9.068018484851208
1,2,1,7,10,62,2.22841194057019
6,3,4,14,11,16,6.014824843703566
10,2,5,4,8,50,4.568748821463231
12,4,9,10,4,180,10.033950549142872
2,1,9,3,9,37,2.758430698174802
1,4,5,12,6,150,5.953783881725122
9,2,0,15,5,98,5.42452659363913
3,2,0,7,8,23,3.672119719295579
9,4,5,5,1,176,6.702077679596314
11,0,5,2,10,100,4.335535893540659
11,1,6,18,4,163,7.4758293819191195
14,3,7,8,3,51,8.166742407906225
13,2,3,8,3,138,7.131509368717096
5,2,2,12,2,170,4.500117424014385
8,2,1,7,2,188,5.053488640350113
7,3,2,16,8,56,6.894568398020881
10,0,5,0,8,214,4.895356462138998
0,2,7,15,3,89,4.6935942289481165
2,4,0,8,9,194,4.375070577820783
12,1,0,15,7,138,7.123990409485219
12,3,6,12,10,237,8.6360932411714
2,4,1,10,9,230,4.728908789043092
5,1,8,18,8,160,7.013194251719792
7,2,2,9,11,168,5.191965718118442
12,1,7,13,3,65,7.714864090308957
1,0,2,3,2,167,1.5855490262586656
3,1,0,10,5,231,3.4047114208024247
9,2,8,0,11,63,5.278005180198541
12,2,5,15,2,219,7.419829752019773
1,0,4,7,10,15,1.3050965977920193
7,4,4,16,7,91,6.523608578273308
3,2,4,7,6,216,3.7529549242602998
4,2,9,6,6,50,5.695791490814797
12,2,6,7,1,92,7.375023093570107
1,0,2,11,2,237,2.7202233585788402
8,2,8,0,3,64,4.849771771954916
11,2,4,15,5,207,8.24932207602924
6,0,5,6,10,197,4.490806889927875
9,4,1,7,10,168,5.945465697960198
14,4,4,18,8,157,9.769290321300582
0,3,6,8,8,84,5.133096846652163
3,3,5,1,4,32,3.0653043784891802
13,3,0,4,2,18,6.601498297131516
8,2,1,13,8,117,6.161244169386494
3,2,4,17,6,219,5.877073981134393
4,4,4,16,11,208,6.794688291263269
1,2,0,17,1,231,4.6614115490675605
3,4,7,2,2,33,5.260002024341028
4,2,9,2,6,153,4.4568419383178455
8,2,9,17,5,87,8.438409912547856
13,3,0,2,6,101,6.026978509209801
4,3,2,12,2,53,4.767164352124729
3,0,9,18,9,154,5.924080331949694
14,4,6,1,7,8,6.968077460940138
5,2,3,19,8,68,5.997624339426078
12,3,0,11,8,78,5.799911175656261
12,4,5,10,8,58,9.016276523762244
2,2,2,4,3,204,4.054513823789776
3,3,0,6,5,225,3.737242697571512
14,1,7,17,1,208,7.646673749436879
11,1,1,19,1,189,7.706403255532035
8,4,4,2,8,185,6.299389651972327
2,3,0,8,11,73,2.5242082286704903
0,2,2,3,11,151,1.4982999857264798
4,0,2,16,10,48,4.858693949097235
2,2,4,17,11,128,5.045303598541927
8,1,6,15,5,213,6.686170537552819
8,0,3,3,10,61,2.657339555118301
2,1,1,15,6,101,3.6292858223031765
4,1,1,16,10,44,4.750266771087482
11,0,0,1,5,160,3.4536516089364384
3,2,2,16,10,27,4.086521978049311
5,0,3,19,2,208,4.675336654012129
14,2,3,2,8,94,5.317510767276041
0,3,4,6,4,167,3.410461303391649
9,3,7,16,6,17,7.5322622666538095
0,2,4,15,11,137,4.592104953137637
8,4,5,18,3,135,8.594354158721742
13,0,0,12,4,110,5.624715137952888
5,2,4,1,1,146,3.674244603632205
12,3,2,0,3,97,6.08029804904054
11,2,1,8,9,95,6.452932314854876
5,3,2,19,7,105,5.84969432860015
5,0,3,13,1,181,3.9224802984961435
4,3,5,12,2,52,5.856683454701474
5,1,0,8,9,226,4.178639216585008
0,0,9,19,3,181,5.717686411734624
12,1,9,4,3,126,6.409195186210912
7,0,2,12,6,229,5.271515856718971
5,3,9,15,9,150,7.089406447712008
4,1,9,2,2,67,4.241337790034328
5,0,3,9,3,84,3.3435826309827887
10,3,1,6,5,67,6.0556432127464594
7,4,0,1,10,235,5.663958403313697
7,3,6,1,3,93,5.296898623735499
0,3,5,0,11,20,2.076131368665847
6,2,9,11,11,49,6.343682836175499
13,1,8,5,7,119,6.684977105283833
2,3,2,14,8,79,5.0170204689957805
5,4,7,16,5,38,7.511201136309869
0,0,1,6,10,150,1.1980384147241652
5,0,1,15,10,29,3.917577835096745
4,4,6,1,4,41,4.47885867891514
0,2,0,13,1,70,3.347375567015873
1,0,6,1,1,165,1.7019584693897065
6,0,8,1,11,158,4.2214851097166015
3,4,0,5,6,62,4.554722773399832
0,2,3,2,11,28,1.462274882482409
12,2,5,17,2,81,7.459248278136599
12,4,0,9,5,198,8.537596848449045
1,3,4,15,3,89,4.729075663084624
14,1,4,16,8,103,7.501698729563512
13,2,8,6,11,160,7.785680813591599
8,0,1,8,10,181,4.657677166327965
6,3,3,16,10,6,6.405752505752843
0,4,3,8,2,102,3.308378896251848
3,3,2,8,1,214,4.4671185063178935
6,2,3,16,10,227,5.251553236633859
11,2,2,0,9,17,5.185020907490045
10,3,0,15,7,221,7.582275598337084
0,1,9,1,11,172,2.6088388273625123
1,3,5,10,1,209,4.733023430457754
1,0,4,5,11,146,2.359633667620037
9,3,0,7,11,14,5.4575182204365635
8,4,5,15,4,44,7.640027039009842
13,0,6,17,10,218,8.502165500084173
1,1,2,17,4,184,4.144059973051406
12,0,3,12,7,146,5.516723738763785
5,2,5,14,9,172,5.996081026211197
8,4,2,0,8,13,4.599325010488076
9,3,2,13,4,39,6.212369670380747
7,1,2,19,5,36,5.200662731168769
9,4,1,1,8,139,4.792011992533489
2,4,8,5,10,175,4.950999825615138
11,2,4,16,7,179,8.480631103802699
14,0,2,9,5,211,6.521122922833259
12,3,3,1,3,227,6.34665209488095
10,4,3,10,8,15,7.111839465747896
10,2,1,6,6,7,5.67310988001422
1,3,8,12,8,236,4.281281467863366
6,4,1,5,2,214,4.9647655836514515
14,3,2,8,10,215,7.325952892172977
12,1,3,0,10,123,4.901450818208902
1,4,8,12,11,103,6.2998848869235475
11,0,2,19,3,66,6.295845660402157
0,4,0,6,3,43,2.928671059833326
9,2,4,10,8,223,7.041468630878829
4,0,1,15,6,171,3.7616845851258938
8,2,7,18,7,240,8.463647599716856
13,3,9,2,10,16,5.936005789628217
7,2,6,4,11,68,4.518014022521695
11,1,1,12,8,96,6.284907747574261
9,1,3,12,10,140,6.698900059725774
13,0,5,1,2,225,5.149407861856201
10,2,4,15,6,72,6.628026618987893
13,1,7,17,11,147,8.092019828382883
3,2,8,16,7,63,6.0639028242193485
6,3,1,2,1,204,3.8596301896943714
10,1,1,6,4,159,4.69641063629493
1,4,0,19,7,74,5.282762427141031
13,2,8,6,11,171,7.428023669569458
0,1,8,17,1,134,4.438952998291027
12,1,3,17,9,180,7.364859900515984
1,0,0,6,2,24,1.116773748969095
5,1,7,16,10,145,5.373281359031929
1,2,1,4,9,97,2.7147379552460524
13,1,0,16,10,214,7.038285681502221
12,2,7,15,9,246,8.806160512508956
0,1,9,13,4,207,4.6743447174603014
3,1,9,17,4,34,5.318317634457332
7,4,6,1,7,195,5.689477982911571
6,2,4,18,2,63,7.177513309033017
2,0,5,0,8,183,1.702205100455522
8,2,2,12,2,38,5.080292308919642
13,3,5,7,9,200,7.708751859648117
2,3,2,7,2,218,3.0762304832778007
7,4,0,4,6,178,4.957332355426492
2,2,8,18,5,38,5.935860560048426
14,3,3,16,2,97,9.365296760026494
5,3,1,5,8,91,3.614796589626807
11,2,0,8,1,212,6.025701160940246
6,2,8,4,1,127,5.3648103326677745
7,4,5,14,9,148,7.311051029371856
6,2,4,4,11,23,3.9167434728643857
12,0,2,16,6,42,7.4432128866230665
14,2,3,14,7,7,8.953244865019608
8,0,2,13,6,97,4.772099185449101
4,0,2,12,5,164,3.2491995707938806
7,2,5,6,1,221,4.965778521463487
9,4,6,16,5,153,8.337040789870409
8,2,6,16,6,140,7.961016553627977
5,0,2,6,1,156,4.012184105297806
2,2,7,15,3,144,5.582414334196454
3,3,9,16,10,247,6.955527562549172
4,4,5,19,4,217,7.872968043108535
11,1,9,1,2,110,6.2459109419084875
2,3,0,19,6,144,5.943149578028562
4,0,7,19,2,77,4.750228999634817
3,4,1,9,6,91,5.191220866230793
8,3,0,2,10,60,4.423927351801033
14,1,9,15,5,158,9.681962903286603
11,4,9,1,9,148,7.370441908931899
8,0,5,8,2,83,4.1004856608302935
9,1,9,2,4,36,6.128152377931601
11,1,9,13,10,178,7.262261535276414
7,0,4,14,4,44,4.956843322130968
13,4,1,3,2,138,6.45216589309281
11,4,2,2,6,37,6.40561700216956
3,3,4,6,9,218,4.645625045159615
2,2,0,3,6,115,2.329754875335453
0,2,1,10,3,180,2.947921455787562
6,2,6,12,4,172,5.757457202680306
7,0,3,6,9,142,2.989439733652609
2,0,4,13,11,182,3.6655635902738077
0,3,4,15,8,60,5.604366613646572
13,1,1,9,10,190,6.770141949429697
4,1,7,2,10,50,3.8800656974448557
12,1,3,5,2,97,6.05711512753447
8,1,5,8,4,172,5.218851818299213
13,0,2,6,11,42,4.081765467369989
12,4,3,17,5,207,9.40086716079253
14,2,1,14,1,121,7.5420647342947085
0,3,0,8,11,157,2.9165984898709683
12,4,8,12,11,165,9.463351826219508
5,3,0,6,3,13,3.881943137757943
14,2,6,1,8,246,6.324055631349273
12,2,9,13,3,127,8.278583236817848
0,2,0,2,7,133,2.2039461932022935
7,0,1,19,8,148,5.3003290395092
12,4,2,12,5,233,7.471005313388624
0,3,7,15,9,48,5.87244279390718
9,3,8,16,7,131,8.382428364658022
4,4,5,6,9,10,5.687007124253215
4,0,0,17,5,197,3.8598530360245804
6,2,8,10,4,23,6.022426108270219
2,1,2,18,9,45,4.103119160492072
1,4,5,10,9,9,4.976861170329261
12,0,2,2,6,59,4.564994752489859
2,4,7,15,5,140,6.325423540918938
2,3,2,16,7,229,5.686786780475949
0,0,8,13,3,242,4.684875526539539
6,2,2,7,2,211,4.630680124860161
2,1,0,5,4,6,1.871560086563909
9,4,1,14,7,147,6.394188388161138
10,0,9,15,4,39,7.572985988278682
14,4,3,8,11,64,9.029829284967713
5,0,7,8,8,166,4.351188915454264
3,3,0,15,10,231,5.313634920816546
2,3,1,11,3,7,4.176736913177907
5,2,8,13,11,69,5.826499567990797
11,3,5,9,8,146,7.447180141839002
8,4,6,5,10,18,6.331336899678348
0,1,3,0,9,31,1.1106853611713112
12,1,7,3,6,148,6.459547354510062
7,4,9,3,9,151,6.763103743398975
6,0,2,14,8,35,3.9255218226528035
13,3,9,16,2,230,9.853852333896212
11,3,9,7,9,211,8.51270063902072
12,1,7,15,10,176,8.932253990312294
8,2,4,13,7,115,5.8886734429289485
9,3,1,7,2,120,5.253931403052067
12,1,3,9,6,96,6.4293185923422715
7,2,3,4,8,205,5.282694898950872
2,1,9,2,7,23,3.710143743351559
8,2,6,11,8,201,6.087454719582314
9,1,9,4,3,240,5.9059334153259115
12,4,5,11,11,120,8.574849463759366
4,4,1,17,9,57,6.5082179842854195
14,2,8,1,8,9,6.621072378447205
12,4,4,2,5,194,6.471439475591849
3,2,7,15,9,34,7.0440004988631175
4,4,1,3,6,206,3.7877268774895305
14,1,4,0,3,217,6.303984824606454
5,3,3,18,1,185,7.10066373832412
3,2,2,7,6,10,2.536909303163636
10,4,7,2,10,30,6.435856041754067
11,2,1,7,5,153,6.316780493582136
14,0,8,6,6,57,6.0538066691576775
14,2,8,4,9,151,7.76982629172052
10,1,1,16,11,208,6.735729188365456
11,4,1,1,9,240,5.774495710855687
1,3,5,6,1,105,4.0714165001977065
8,1,1,12,7,61,5.323624581583754
11,0,7,18,11,239,7.853593883527048
0,2,7,9,9,6,3.43931083522986
14,2,2,13,7,99,8.391395708202262
8,1,7,10,11,62,6.276687677908218
10,0,6,9,2,172,5.753212903073886
10,2,5,2,2,107,5.7378437237849145
1,3,4,17,2,27,5.652960492334142
0,2,9,10,10,218,5.014794185250501
12,1,8,19,8,225,8.686144883946856
14,2,4,9,7,189,7.862873038169433
6,3,5,19,9,132,6.976288896146426
1,2,6,4,1,241,3.633191056799202
6,2,0,13,6,117,4.131228602018287
0,4,3,5,2,183,4.093930642024187
13,2,9,0,4,156,7.5889405238639425
2,4,5,0,1,154,4.507095754532012
7,3,8,4,4,49,5.35256830535886
12,1,4,6,9,18,5.442240855390491
13,3,7,6,10,82,8.049549203721444
9,3,8,6,4,174,6.686190969212771
2,4,7,1,5,20,4.59023796820999
3,3,4,18,6,223,6.02567245625166
1,2,9,16,9,37,4.7688571215781845
5,1,9,5,7,212,4.773747808590002
3,4,0,6,4,191,3.785705760398338
8,2,4,17,1,158,7.366968952924478
9,2,6,8,11,237,6.074655154541482
9,0,3,17,8,64,6.570095319289258
13,0,2,1,4,123,4.556130043880418
7,0,8,16,11,129,5.415200079953188
2,3,1,14,5,203,4.947905390682839
10,0,3,10,7,37,5.538186451492116
6,3,6,15,7,157,7.61724190049804
5,0,6,10,7,69,3.9391816817115206
14,0,8,19,1,194,9.35252791097597
13,2,5,19,3,10,9.408804450932742
6,4,5,11,8,59,6.723340144906846
5,1,2,1,3,178,3.431032327378736
10,3,8,4,7,201,7.145092784959883
1,1,2,4,11,81,2.135039395870454
10,0,5,4,7,134,5.7550927065848505
11,2,5,14,10,166,7.586612754177415
2,3,7,11,7,77,5.850245495219394
1,3,8,7,8,243,5.264355522798919
9,1,7,5,9,63,6.044270085724081
10,4,3,10,7,102,7.8268439010467965
5,4,7,9,7,27,7.105455647813439
8,4,0,3,6,75,4.24904209439631
5,4,1,16,1,76,5.6201436431546155
0,4,2,4,8,42,2.636624229633933
8,3,4,19,11,226,7.514564503130642
1,1,0,6,8,243,2.4624347087005773
0,4,7,10,10,120,6.1032045126987455
9,0,9,5,5,194,5.897890080308749
14,2,2,13,8,13,7.6031894081474745
5,3,4,18,6,160,7.15879551690455
6,3,8,18,11,184,7.859377071922948
10,3,1,1,9,64,5.238899723251806
10,2,6,12,8,58,7.023784379184869
13,2,9,15,11,94,8.840048524819897
11,2,0,4,3,88,4.443993343322494
6,0,8,4,3,91,4.783984947834083
4,3,7,0,4,119,3.9701530777060525
14,2,7,18,1,226,9.973718833537365
14,2,7,10,6,200,8.76691196465564
0,2,4,6,9,104,3.2680170077254775
0,4,1,16,8,67,4.70819580084039
5,4,6,1,8,208,5.05139563413685
14,4,7,3,10,118,8.330259839591124
2,3,4,10,4,217,4.981242759164786
9,2,7,2,6,71,5.329934385422334
6,4,1,12,5,170,6.049010744747107
10,1,2,12,3,130,5.5246826077346505
5,2,3,15,8,91,6.284093483529084
8,4,8,11,7,106,7.598722426903991
0,4,9,9,8,229,5.2512079796127455
13,4,7,15,10,191,10.017720823594733
4,2,5,17,3,103,5.858932285326761
9,3,6,18,11,152,8.02579052929472
13,3,1,4,9,235,6.459917547715162
10,4,2,7,10,47,6.729968939636926
7,1,1,5,6,240,3.7795591217609523
11,1,9,19,5,12,8.784866868488095
10,0,5,15,3,10,5.903098919307696
10,4,8,1,8,170,7.04874114187681
11,2,5,10,11,31,7.082922264509414
2,4,6,10,8,190,5.164000421419125
12,1,2,1,4,121,4.831839552943935
1,3,6,15,4,228,6.206998901736106
8,2,6,6,10,189,5.911222996281952
14,3,3,3,7,58,7.570501326561616
10,2,0,12,2,84,5.228063743474999
1,1,4,3,7,246,2.8995119555313553
14,1,9,11,9,230,9.56896547816579
12,0,0,7,2,189,5.154240891212343
14,3,4,10,5,88,7.683725908380482
7,0,3,8,10,100,4.691110517867671
13,4,7,2,3,22,7.4812612571921315
12,4,4,12,5,152,9.64026388952746
12,0,7,10,11,27,6.5960344380046365
7,0,9,19,7,127,5.917867517031714
10,0,5,17,11,108,5.7570782537668626
6,1,3,7,6,153,4.4865585028160675
3,2,1,18,8,77,4.219447420710339
3,2,1,0,4,12,2.238059652726448
0,2,0,9,6,223,2.7181079353287645
7,0,6,10,3,223,5.645883026059193
13,4,1,14,10,209,8.538549679592004
4,3,7,13,8,74,6.63348461696873
4,3,7,18,7,141,6.624106154126255
5,4,5,10,3,76,6.384702624936429
8,1,6,14,4,216,7.163338718474755
0,1,8,0,7,148,1.4769068891307704
5,2,8,7,10,126,5.852168138425832
12,4,1,6,9,110,7.028254693360878
10,1,1,2,10,98,4.210829318507382
11,4,6,13,9,216,8.016736918362577
3,1,2,13,5,32,3.754534586010715
10,1,9,11,4,66,8.058004517060237
8,0,2,4,6,44,3.8866332775090324
10,1,1,19,5,175,7.100091265328967
3,4,9,19,9,20,7.600253967503455
7,3,0,3,11,11,3.4989461238168476
1,4,3,1,10,77,3.3147612457200415
4,2,7,7,2,221,5.463669525175353
0,2,6,15,3,151,4.456136906204727
1,2,3,18,11,50,4.231626610897528
10,1,9,3,2,74,6.288934393797503
6,3,1,4,4,11,3.760619736772001
5,0,6,7,1,186,4.5074114248870965
9,3,1,17,4,99,7.397938776452243
10,3,7,4,10,129,6.4821876667224565
7,1,2,10,9,238,5.211473290257923
0,4,7,2,7,99,4.861169027712509
6,0,0,11,5,237,3.4308724086167084
3,0,1,4,11,94,2.185317773850712
1,1,2,9,11,12,2.3563607153359265
13,2,6,18,10,236,8.889588749525402
13,4,1,1,8,216,7.1049104887953405
4,3,8,3,2,198,5.223417089115719
12,1,4,14,9,110,7.714192169811479
7,2,1,9,6,160,5.939201664461999
14,0,4,19,9,63,7.2490719235310666
0,3,1,19,11,209,5.061828263074406
10,1,7,10,11,27,6.250953540333563
4,4,8,0,1,183,4.735909919752598
12,2,7,8,7,70,7.660172739030194
1,1,9,10,6,39,2.878726958177747
5,0,5,9,10,145,4.608685851369032
8,1,5,19,1,67,6.822401231037462
14,4,0,16,2,25,8.575085186681578
13,0,3,18,7,104,7.14932559707515
14,3,1,7,6,174,7.312527274359288
5,0,4,18,8,148,5.461449126198426
8,4,8,2,2,192,6.267407821223859
1,1,3,16,9,15,3.6114059208295948
14,3,1,10,10,198,7.273368166241986
0,3,8,9,5,185,4.529743365224066
4,0,2,6,1,62,2.2176250932378374
7,3,7,2,8,34,6.297025921811484
11,3,8,16,2,27,7.740953966766566
0,3,2,7,10,94,2.6866281167690493
5,2,7,1,8,140,4.447194792938065
10,0,1,6,5,24,3.5074909015517552
6,3,3,6,5,47,4.082754889230208
6,1,2,5,4,63,2.9977385418839293
2,4,2,16,2,216,5.011696252683877
7,0,0,3,10,245,2.5272384143342004
9,3,7,12,5,87,7.964428925923117
11,4,7,13,3,54,9.317859970385609
3,2,4,17,3,36,5.30002203915501
7,1,9,11,4,69,5.668454090412851
14,3,6,10,4,47,9.156052972243796
13,2,6,8,2,115,7.8797578571552656
12,0,2,11,7,115,6.256228667744521
4,0,7,15,1,106,5.225654889801854
6,1,6,15,3,9,6.086107176375032
1,2,9,16,6,98,5.512406284054553
0,4,8,17,5,56,7.052479073247862
10,1,0,0,6,26,3.180365068028948
4,0,5,17,7,150,5.509157003408382
14,2,9,8,11,155,8.593068572234849
14,0,9,11,1,180,7.571962035266371
14,4,3,14,2,87,9.701731551126182
0,2,9,11,11,230,5.232940136178214
2,2,6,10,11,198,4.976249919134787
10,3,1,5,11,58,5.3188774624930275
1,0,1,8,5,115,1.8969544418998805
8,1,0,3,7,128,3.910316377115052
4,1,4,9,5,29,4.002639607123816
7,2,9,7,3,98,6.188881397533732
8,2,9,8,9,242,7.099890684689867
7,0,3,17,1,247,5.87101624594376
11,0,4,4,5,94,4.438922968105363
2,4,6,14,1,131,6.257439930893196
11,0,0,17,10,13,6.677879833313288
12,2,2,11,4,150,7.822021680141866
12,3,5,19,11,247,9.87478941327272
5,2,4,10,7,249,5.458196287427615
0,1,2,17,6,184,3.1783282309519425
5,3,2,2,10,120,3.8124904229170324
6,0,4,12,11,34,3.4856514173485547
1,2,9,14,2,246,6.477652299274568
2,1,2,16,7,36,3.524687912018534
6,2,4,16,3,176,6.552070223005092
5,3,0,4,7,167,4.397221908803383
2,0,6,7,11,131,3.219853931954749
11,1,8,9,1,72,5.8931076168513865
10,1,5,3,11,150,5.666667598681391
1,1,4,9,3,135,2.9057164235771524
12,3,5,2,11,54,6.6815302380622486
0,2,1,0,5,131,1.7531487695500814
7,3,3,4,9,118,5.757664523946232
0,2,2,0,1,31,1.4484932899897742
4,0,4,8,7,164,3.9984942973249864
1,3,0,14,6,31,3.371829225285903
4,3,7,8,2,75,5.219989779228808
8,2,5,1,3,52,4.332723567206487
13,3,1,0,8,109,5.719750345007789
6,3,6,14,6,178,6.889735849267554
4,1,4,18,10,89,5.181038386260304
9,3,4,13,3,100,7.004002494991052
8,2,6,18,4,175,7.805849850675292
4,1,2,7,11,203,3.848108683996419
1,1,6,15,2,197,4.485270137608231
2,1,2,10,8,128,2.6127095617970113
10,2,1,17,3,203,7.141847269248733
11,3,0,11,6,240,7.5025854252349164
11,1,5,9,5,26,6.539427996026119
5,4,4,11,7,184,6.209530726728378
11,4,5,5,8,180,6.594360175303525
14,3,3,8,7,244,7.802982865575968
5,1,7,13,4,31,5.08668986485995
7,0,2,12,11,114,4.558048600182803
12,2,0,14,10,160,6.771458715986655
1,3,7,15,8,154,5.885205080982062
8,3,2,4,4,234,5.2922846838142
7,2,1,10,1,187,5.865099022734043
14,4,8,13,4,236,11.730980895739926
10,0,9,8,1,78,5.910124798870949
7,0,3,15,6,230,5.326009480216071
1,4,0,8,6,211,4.044039440584899
8,1,1,14,1,238,5.344202756963146
13,0,8,5,9,28,6.502597477696809
2,1,6,10,10,185,4.268541979814944
12,0,6,10,6,213,5.9665225737691685
3,1,2,16,6,185,4.142699473678961
11,0,3,18,11,146,7.493452419632772
8,4,7,11,10,185,7.46214240635713
11,3,8,9,8,215,8.079042485812797
8,0,6,10,4,193,5.1995614540325885
4,2,9,3,9,8,4.53194165727824
7,4,6,5,4,12,6.27015735965414
13,0,4,0,6,241,5.1297516865185475
14,0,5,2,7,61,6.313416552080146
6,3,4,17,8,194,6.26308394583675
1,3,6,8,7,219,5.145058394393581
3,3,9,1,10,245,5.117372998462989
3,2,9,2,7,160,5.446309554066932
10,3,8,4,2,149,8.165684402411543
0,2,6,15,6,174,5.365467632474365
14,4,1,11,9,123,8.750193485760764
8,2,0,9,1,37,4.961121415811523
12,1,3,17,10,77,6.956423767202498
5,0,5,16,10,85,4.700714612115139
8,2,0,15,1,52,5.7938451009262835
13,0,7,5,11,228,5.911392420561661
3,3,3,7,8,183,4.76926314126469
11,4,1,13,7,230,7.206383403735834
8,1,2,15,9,232,6.535067779967994
6,0,1,2,3,217,2.550455315962359
12,4,3,8,10,126,7.299031049663574
7,2,3,14,8,127,5.516141460493382
14,4,8,2,9,212,8.75207933240186
9,1,0,1,3,6,2.6492274206962425
11,2,4,4,5,220,5.539960371653005
3,2,0,19,9,203,4.824968375781796
7,4,3,18,5,200,8.45896732160947
11,1,4,4,2,62,5.0919870029536245
8,0,1,7,9,225,4.31615915687054
5,0,0,10,4,43,3.427091148148751
3,1,6,0,6,215,3.0857651773740655
8,3,0,12,6,68,6.26249592062622
12,2,1,19,4,77,7.2625361106570345
5,0,7,5,5,217,3.5924419688911877
10,2,0,16,2,212,6.207064520452881
10,3,7,6,11,185,8.042263891575656
12,4,6,16,9,163,10.27081623523312
5,4,1,10,2,47,5.467659402818823
4,4,3,3,9,173,4.95996106930706
5,0,6,10,2,47,4.022880244426216
12,1,0,3,4,224,4.699462615256474
3,4,9,7,3,217,6.168433730704161
2,4,3,11,10,71,5.1143837652738275
6,0,2,12,6,152,3.86737476249444
14,4,1,10,8,14,8.126395475764333
3,1,8,15,11,107,5.004328214118549
13,3,5,18,3,168,8.877284830249145
11,3,0,1,4,181,5.573182046964815
13,4,4,2,4,184,7.036692737750896
0,2,5,11,8,148,4.088000863104691
6,1,0,1,4,110,2.7258891694679837
1,1,0,4,1,182,1.6150317484485885
8,0,2,7,11,98,4.217400250200121
14,1,7,6,8,207,7.222544032705004
2,4,7,13,2,77,5.506091764386818
7,1,1,17,4,56,5.6367174665198165
8,1,1,15,3,143,6.398370314230972
1,0,6,11,4,142,3.503291205898612
14,0,2,2,5,204,5.3491223691198755
0,4,1,12,8,160,5.107331812753804
14,0,2,15,4,139,7.274529021951406
2,3,6,14,1,154,4.950741820499608
13,0,8,7,7,138,6.989124463858849
11,0,8,3,2,96,6.05815864039748
4,4,8,0,9,129,4.770266657861751
1,4,9,1,2,77,4.5341262743048265
13,2,4,17,11,68,7.969764682868627
7,3,7,17,3,33,7.6842042745997166
4,0,7,7,10,192,3.4682527120988267
13,0,1,10,8,39,6.145996408637292
11,2,8,14,1,156,8.221126608795263
9,3,8,7,7,142,6.371054277103466
11,1,4,19,8,147,7.890374350606748
3,1,2,1,10,179,3.0608637045329763
4,0,0,11,3,133,3.2976006821031336
9,3,5,10,5,122,7.301909423827826
7,0,4,3,10,193,4.242813701789788
8,1,1,11,5,196,5.026531578194186
0,0,8,5,9,218,2.710791441445989
5,2,4,10,1,171,5.237992987368047
14,1,9,3,11,236,7.794827828914351
8,3,2,15,11,125,7.125013521204769
2,0,1,15,8,238,3.7779696609509474
7,4,6,5,7,134,5.91846174470652
11,1,8,18,5,208,8.388047220226289
6,3,7,8,1,174,5.933713393093643
5,2,2,16,5,232,6.053682310642406
5,0,0,0,8,158,1.3233482750379908
6,0,6,2,10,244,4.16034792373463
9,1,7,11,6,242,6.731897636053506
4,2,5,8,11,225,4.357789629591075
13,4,9,1,3,77,8.445949097381988
13,1,7,2,9,106,5.873227201356863
12,3,6,5,2,42,7.192643658555822
7,2,6,5,8,227,5.853864141444324
11,3,7,10,4,205,8.369869891531824
0,3,3,16,9,234,5.131331561799967
4,1,1,16,10,29,4.289953283473207
14,3,9,0,9,53,8.0351457596539
3,4,1,2,6,102,2.6106749940941283
1,1,7,5,11,246,4.0173084344399586
14,2,6,8,1,214,7.281826534542312
0,2,2,16,6,133,4.453741038765922
1,1,4,16,2,162,4.366486237923407
13,2,0,11,10,209,7.185390791882484
9,4,5,8,10,119,7.916528730927205
10,1,5,6,6,22,5.2237630702282365
3,0,8,4,10,58,3.188100323254351
10,4,2,10,4,157,7.611478722065371
14,0,9,13,6,157,9.369473245250008
7,1,5,19,3,196,6.915083775200204
5,0,6,0,8,213,3.6033267918440584
11,0,8,19,4,101,8.429457358666614
10,3,3,14,4,7,7.587600255958836
0,3,5,6,4,171,3.7445111485098637
11,0,2,15,7,44,6.630124925500389
11,4,6,8,1,167,7.6707356250517265
10,3,1,5,2,185,5.265973626456861
2,3,3,4,11,165,4.575668856074659
0,1,1,0,2,177,0.30102105196269013
8,3,8,7,11,195,6.301845671697877
10,3,6,2,4,153,6.411098015144515
5,1,1,17,4,125,6.011611592681304
1,0,3,11,10,223,2.8115612693707606
6,0,9,1,11,23,3.2981771141189253
6,3,0,12,7,21,4.622550210156197
8,2,6,5,11,92,5.676088582080218
6,0,6,16,5,55,5.99801167279736
8,0,7,8,11,205,5.292156297114495
6,0,3,0,4,160,2.882078152121736
11,4,3,6,10,209,7.835671124196264
2,3,7,19,10,204,6.287665419055343
5,4,9,14,5,7,7.093886032171032
7,4,5,6,2,53,6.578893364203869
6,3,3,8,11,91,5.158749559364815
0,0,9,9,6,135,3.7265427522155528
2,2,4,13,10,83,5.42069663403041
10,4,0,6,9,187,5.891250769319283
14,3,4,6,4,42,7.185647572045069
0,1,3,3,8,225,1.8642210688648981
11,4,3,2,7,40,5.927131873687316
2,0,7,11,3,154,3.7617118310575908
14,0,2,0,3,181,5.404462217494131
9,4,4,9,11,227,7.4254422500384205
3,1,2,14,11,162,4.29571560056969
13,2,6,3,4,182,6.887103052368777
4,0,5,10,5,135,3.774143053393053
14,3,7,1,1,15,6.8915193440542755
1,0,7,0,1,51,1.8340553813995337
2,2,4,17,3,39,4.965108724059221
12,2,6,19,1,32,9.716968720636482
6,4,9,19,5,35,7.734466102107741
8,2,7,0,11,226,4.362009666782471
11,1,5,8,10,143,7.05199991646468
4,2,8,15,4,28,5.655862866944364
11,2,8,16,2,205,7.809848412107016
6,3,2,3,2,5,3.9712757540402084
13,1,6,8,7,209,6.949788677328955
14,4,1,0,2,72,5.201465134172935
3,1,4,4,7,249,2.823821404065612
13,3,5,15,9,226,8.70749323616284
6,2,2,11,3,27,5.299180617816525
7,2,1,14,11,24,6.343445741233084
3,2,0,10,4,180,3.67234289445958
6,4,0,4,7,74,4.841113642571779
9,4,2,13,7,88,7.790784923924767
2,4,8,15,9,204,5.538855571535882
3,1,2,3,9,65,2.264503789092703
1,4,6,15,8,94,5.264662194808597
6,4,1,14,1,54,6.1682860171427
13,0,9,10,9,200,7.709652770561558
0,4,6,4,11,224,3.951543872648474
0,4,7,14,4,73,5.500498151086246
10,3,8,15,4,164,8.85852477963501
4,0,7,5,8,172,3.5697597052443166
11,1,7,14,11,161,7.682723096803514
8,4,3,12,2,227,6.81414064558922
12,1,5,15,7,207,7.961131456241749
5,1,9,18,4,228,7.29176403970272
5,0,9,3,2,237,4.667240563366296
8,1,1,1,10,16,2.106957215837979
4,2,2,15,4,118,5.375209453847207
10,2,5,11,6,218,7.155880595802896
12,1,5,6,4,121,6.369642970980051
3,3,4,1,1,119,3.4053124499801233
8,1,7,2,5,91,5.087795683016572
12,0,8,14,2,156,7.037254352375393
6,0,1,6,9,16,3.7097620811204433
6,1,6,13,5,143,6.239892914734083
10,1,6,13,5,62,7.757180094975839
14,1,7,18,8,219,9.461652876638409
4,4,7,8,3,218,6.245938078288935
12,3,8,5,7,106,6.87250924001089
4,3,7,17,11,133,7.112093271772325
6,2,3,6,10,211,5.388910669097227
14,3,6,12,1,222,9.371220094291031
1,2,0,0,10,171,0.9559961007687857
0,1,4,4,9,174,2.4187593257836992
6,1,8,15,3,70,6.96068676904574
7,0,8,15,4,113,6.55224176646138
2,1,1,1,9,99,1.6530711148259774
7,2,7,6,2,224,6.555296693376604
5,4,6,6,4,180,6.132240187714739
0,0,8,3,5,98,2.858552339576856
10,1,6,5,3,139,5.291824112794833
4,3,9,9,9,173,5.453851919756276
7,4,5,19,3,129,8.060796990072365
1,3,7,2,6,213,3.5576265545906534
3,0,1,3,1,63,1.4395106305002332
0,2,8,14,9,157,4.927676484206249
0,2,5,19,9,198,4.7789750673942155
4,3,2,16,5,220,5.909126941715481
8,2,0,16,8,217,6.550463477029471
10,0,3,2,11,146,4.75527926590081
1,3,2,19,3,30,5.576393369260458
1,2,3,4,6,243,2.2982529910616405
0,4,9,8,10,153,5.731836168911891
7,1,0,19,9,141,5.441752503916788
7,3,8,0,9,239,6.784930953266924
2,3,2,7,9,239,3.309532052715715
14,3,0,12,2,34,8.352091649795444
2,3,3,14,10,201,5.306277467912878
9,0,3,19,6,215,6.28653823814315
14,0,2,11,7,179,7.1235168815147665
1,4,6,6,10,96,3.9603484903810005
10,1,9,0,9,170,6.292335115533787
14,2,3,10,9,79,7.495501095315286
13,2,5,4,4,208,6.899937877180714
4,0,9,7,3,98,4.3556580794222555
2,0,5,8,2,89,3.6163253705274845
2,0,4,5,10,149,3.537422471147605
9,3,4,13,8,209,7.331983734815771
13,0,1,10,6,121,6.655216441783235
5,0,1,3,10,51,2.7839002359224376
6,1,5,1,1,135,3.9109460007440995
8,4,9,16,7,41,8.38179007386661
3,2,0,0,2,197,2.3709551637162773
11,0,9,4,6,79,5.526211491289495
0,3,2,16,4,48,4.705333360390985
8,4,0,16,9,237,6.756176833920045
7,4,8,10,8,15,7.326111324717908
13,1,9,18,9,137,9.669473681837244
8,0,6,5,2,236,4.745815221455161
4,3,3,17,4,19,6.1876818737524415
2,1,5,5,4,13,3.004302052119837
2,4,2,15,2,114,6.0936407498636935
4,4,0,0,8,133,4.0855486225740725
5,0,8,14,1,207,5.806384861924616
10,1,6,19,10,44,7.804539810217524
5,3,4,15,3,133,6.804505648072054
5,4,3,10,6,44,6.4062491986557735
0,4,1,5,1,47,2.4941392120680703
4,4,9,16,9,70,7.70363794496597
2,0,1,11,6,89,2.2930820248752286
1,2,7,8,1,189,4.689433011269558
12,0,1,17,5,89,6.332828225326158
3,4,1,15,1,121,6.150746065098266
5,1,1,4,6,65,3.075183013995069
8,0,5,6,9,36,4.13978754651466
14,3,2,5,3,21,6.595366730910599
11,4,6,8,3,180,8.177207240066604
13,2,5,12,4,117,8.23526089298453
4,1,5,16,4,25,5.471381034898377
12,0,8,14,8,31,7.909317339539507
14,2,7,1,8,177,6.958942085431725
9,4,9,6,8,87,7.416463763823171
9,2,2,14,7,141,5.633336567510381
7,0,5,19,10,151,6.795425705415381
1,1,5,0,3,114,2.061927185664452
3,1,2,19,3,198,4.411614053513674
3,4,2,6,3,190,4.16992315595718
10,0,1,13,5,224,5.3596840664480485
13,4,5,11,7,133,8.505240479722813
8,0,1,16,9,212,5.70509957645055
12,3,6,4,7,30,6.6803500061114995
11,3,2,9,11,101,6.231361496448557
11,4,5,5,1,207,8.414485511309648
3,2,6,11,4,109,5.134357492642753
5,1,1,14,5,149,4.414237493689112
9,0,3,14,11,195,5.99401923537952
6,1,5,10,6,105,5.236359916611963
9,0,3,3,8,68,4.003248585623807
9,1,7,3,6,149,5.084165237049801
11,3,2,4,11,112,6.3332805289295955
5,3,0,3,8,240,3.3022165724763353
2,3,8,18,2,108,6.856450482305789
4,0,3,12,5,58,4.218982795149122
1,4,1,1,5,190,3.5545387199249334
5,1,7,12,1,248,4.995529739901328
0,1,3,6,4,158,2.4525025603642687
8,4,2,8,7,163,6.259688297086384
6,1,3,17,1,175,5.984977640960784
5,3,8,15,1,148,8.375347020640387
2,1,9,19,8,86,6.305508909651065
10,2,7,14,11,146,7.995421926172561
0,2,5,1,6,124,2.8108956146460358
0,3,0,6,6,237,3.2764182205513843
10,2,4,19,6,218,7.155170911875603
13,0,5,11,2,134,5.92656349546174
4,0,8,8,9,202,4.852140777197968
7,2,2,14,4,128,6.140383688406579
11,2,2,14,9,23,6.957541627919144
4,0,3,10,4,191,4.4457439258485625
11,4,2,15,9,205,8.611856508550849
8,4,3,19,3,176,7.930287639371511
1,1,7,2,9,208,2.6674557257058775
11,0,1,4,11,61,4.091459929703886
10,2,7,17,2,203,8.655760079864086
0,3,7,10,6,202,5.75435937667301
9,0,3,9,9,216,5.642144789542325
6,0,5,15,10,194,5.896333615380849
6,1,9,13,1,94,6.473531777655176
2,4,2,18,1,93,5.551753597651546
1,3,0,8,8,190,3.2765789467724713
4,2,0,11,11,22,3.6457563182250303
2,1,1,3,6,89,0.5001668013178107
10,4,3,17,6,141,8.887548735065462
9,1,7,10,7,51,6.573989293088057
2,1,1,9,11,56,2.564443633514075
12,4,5,4,5,90,6.928580031853304
12,2,9,16,4,24,9.120024605783073
6,2,0,10,11,172,5.10414005877819
11,4,0,0,1,131,5.969184783001495
3,4,2,6,1,150,4.129822139107233
4,3,8,17,11,37,6.271207651153159
7,4,2,18,4,127,7.2399515080994465
12,3,0,6,2,61,6.11468778464993
6,2,5,7,3,39,5.009266957960163
9,4,1,2,10,58,4.965274943805391
4,1,6,2,1,9,2.6063330904513866
5,4,7,17,6,168,8.143661052538642
2,2,1,2,6,37,1.2959331038171944
1,2,5,13,8,162,4.114893948558203
4,4,4,11,7,21,5.357514012224407
3,3,1,6,4,104,4.122732011373922
13,3,3,3,1,66,7.046744060406375
10,0,1,2,6,57,4.4678017269692765
10,3,0,16,4,25,7.29540493578773
9,2,9,9,3,202,7.202574251060576
11,1,5,3,5,186,4.7439477234535214
4,0,3,18,9,202,5.309025542440653
2,2,7,10,10,24,4.205647568759368
8,0,8,7,9,247,6.067661112907359
7,3,0,12,1,142,5.7881304547563035
3,1,0,1,2,237,2.0119770239473795
14,1,3,2,11,68,6.512832636398858
4,4,8,6,3,26,5.26284743487195
7,4,0,8,4,157,5.562277416061959
0,2,2,6,3,21,2.553570229993031
12,3,8,6,4,134,8.450000870590477
1,4,0,15,1,213,4.318034222673846
10,2,6,8,1,37,6.572466753852525
3,4,8,6,9,8,5.629991643732343
14,2,8,11,10,135,8.665123223091912
1,3,7,16,3,188,5.445743130317226
2,2,3,18,8,127,5.966763245697413
6,3,9,0,1,240,5.935458175441636
11,2,6,16,5,70,7.266988410424548
2,2,3,3,7,234,3.799239635843815
8,1,4,2,3,134,4.78354804878092
13,1,1,6,9,201,6.459551569954312
11,0,7,10,2,169,6.169305671306224
9,1,3,6,7,67,4.22706061449424
9,4,5,1,7,149,6.607140436244425
7,2,5,5,3,39,5.049504330112077
0,3,5,7,7,112,4.891435488059761
2,4,9,2,2,100,4.884029572040334
13,4,6,7,5,216,8.325095313356183
6,2,1,18,11,156,6.372157849667901
12,1,2,8,3,175,7.422235548622652
8,2,4,9,9,178,6.518336118793809
8,1,7,16,6,212,6.136820591676456
8,1,2,19,7,236,6.4446808801321485
3,4,7,9,9,182,6.101309740563748
3,0,5,5,1,152,3.1091756648136664
8,4,8,10,4,46,7.50036393118953
4,4,2,12,6,197,5.333496190282386
12,4,0,8,4,185,7.64786757498077
12,4,5,4,1,23,7.452662910324364
14,1,2,17,11,22,7.903225963723451
13,3,6,0,6,12,7.050869156072459
2,4,4,17,3,115,5.990371099009611
14,3,2,14,5,61,8.065451209026053
12,2,5,9,7,230,6.564287592406945
5,4,7,1,3,229,5.569197846841147
14,3,8,14,3,201,8.649105991020221
6,0,9,13,10,12,5.243095907866188
12,1,3,7,7,119,6.098870557988222
8,2,2,7,9,184,5.0579302373314405
2,3,0,11,11,170,4.407644762587462
8,3,6,6,11,162,6.627814559329472
1,1,1,16,2,218,4.605097616948083
0,3,0,11,6,186,3.26772674255192
10,3,6,11,3,178,8.46303481467941
7,3,6,18,7,30,7.9388319410321415
12,2,2,3,5,33,5.525291763501086
10,4,7,10,2,169,8.203323867863965
9,2,8,13,5,149,7.3600619318914875
2,2,7,9,1,219,5.076428447230837
4,3,0,13,1,190,4.6878876468678845
6,1,9,13,7,81,5.6365281931268845
13,0,2,18,1,45,6.8848296807660905
8,1,0,10,9,243,5.52102554006058
9,1,3,4,5,231,4.336184364123241
3,1,3,7,11,208,2.2175602113803707
11,3,3,12,8,175,8.082147589938042
14,0,0,4,1,85,4.222544533573688
13,2,3,19,5,73,8.379595400835571
1,2,6,2,11,50,2.4136855132478385
3,2,8,18,7,58,7.1107719093272665
10,0,4,11,11,76,6.027592255115711
13,3,2,18,6,123,9.434492957514449
14,3,8,4,7,57,7.961859171140592
0,4,5,7,10,139,4.65425532610639
4,0,4,17,9,116,5.231292898682334
13,0,7,9,7,25,6.806213001931542
4,2,5,17,6,122,5.797917114610607
12,2,0,0,11,222,4.444021415354242
10,2,4,11,3,58,7.285925168089421
14,4,9,5,10,99,8.745593362916198
6,4,4,1,3,205,4.365097232086603
4,2,2,8,10,195,4.57956909633381
14,2,7,11,3,127,9.175359352066428
13,4,8,5,1,138,7.893662310376399
12,0,6,12,9,74,6.275015917550667
7,0,8,2,3,104,3.660404470818046
1,3,5,17,10,172,6.566345185302551
6,3,0,14,5,125,5.815387197073367
0,1,6,10,5,146,3.5893760555413916
0,1,6,1,3,119,1.678946896944093
5,4,2,14,3,65,5.713017038611681
13,0,2,4,10,236,4.656222090098245
14,2,5,13,4,238,7.619104349723001
3,4,1,7,11,34,4.5316152220685915
3,4,0,1,4,30,2.5849097721277072
4,2,0,16,3,119,3.5859303108343683
10,3,5,6,8,71,7.617026467915009
9,1,9,16,11,27,7.591450302482678
5,3,3,7,1,41,4.251917558823716
10,2,2,2,8,203,5.347805640456757
2,0,6,13,5,26,3.4781372660578884
6,3,4,19,11,181,7.316342735081262
10,2,9,5,8,157,6.815334938584144
1,3,5,16,7,207,6.045306312620661
9,2,2,2,3,176,4.22301701469673
13,0,6,17,10,83,7.453125973045555
6,2,4,19,1,66,6.3609075503536205
0,3,4,1,10,101,3.6057753542179256
1,0,1,3,1,167,1.3039763696531506
13,3,7,19,8,147,9.46665225448169
7,3,7,12,1,136,7.04016917399031
6,0,5,10,10,189,5.066091729190158
14,4,7,4,6,155,7.418639588922734
6,3,0,12,7,148,5.0149987832896326
1,1,5,18,10,38,4.672805082742362
0,4,4,18,4,196,6.491647143768489
3,2,3,8,11,224,4.338847284171656
8,1,7,11,8,206,6.818888255555902
4,4,0,0,8,137,3.756001586109302
10,3,5,3,10,32,5.3308739329308885
5,3,3,16,3,120,6.421803352093145
3,0,1,8,8,184,2.551089716087241
5,4,8,18,11,70,8.080156984748218
5,1,0,15,8,95,4.650116106159983
0,0,7,12,5,213,3.0180577295586914
13,2,4,7,8,180,7.235874123412686
3,4,2,3,9,29,4.11359686487071
1,2,9,17,11,119,5.308865175114555
2,0,9,10,4,220,3.814009245289868
5,0,0,14,8,144,4.055056227213146
9,1,3,4,10,44,3.446471268093325
2,4,2,19,7,182,6.717527523790315
6,1,7,16,8,9,6.115792715797175
4,4,6,2,11,37,4.751236810875175
14,4,1,10,4,127,9.64109120043786
6,4,6,19,3,48,8.317305755921284
5,4,9,10,1,71,6.728412349944627
4,4,9,1,9,172,5.843267849129983
13,4,1,7,10,106,7.593677052992473
6,1,8,16,7,228,6.560007476782989
11,1,1,3,9,163,5.793948765418449
14,1,5,11,8,41,7.054798841563306
4,1,6,12,10,238,5.185387460056585
2,2,8,0,6,194,5.124817258378691
8,4,4,14,1,221,7.324701961696198
11,1,4,13,2,143,6.376261516614874
0,1,7,10,4,92,3.371063841490046
2,2,6,19,6,249,6.269218364641151
6,3,8,3,8,249,5.958578583200791
12,1,1,8,9,190,6.017210648671429
2,1,1,3,4,224,1.7429555349976713
8,3,8,5,6,56,5.608709139339899
6,4,3,15,2,188,6.366294811629746
9,4,3,12,9,245,7.522786255616954
3,3,2,6,5,138,3.173985165384623
4,2,1,14,6,189,4.595424255976364
5,4,0,14,11,196,6.519426138719105
12,3,8,1,8,68,7.673007077362186
7,0,0,10,8,236,4.292688847313789
14,0,3,17,4,38,7.442229697463245
11,3,8,4,6,125,7.762724989321867
11,1,9,6,2,174,6.973183881130407
14,2,1,0,6,200,6.181179991570979
3,3,6,15,2,174,5.913604454383297
1,4,8,9,2,28,5.225349054411639
13,4,4,1,6,102,7.924086290918206
3,0,6,17,4,208,5.476769773190754
0,3,5,14,11,71,4.590020219478409
1,3,1,4,1,199,3.4619197452574695
1,0,1,19,10,164,4.201679550510585
1,2,6,14,5,192,4.869822490854892
1,2,4,2,1,233,2.5163927603183036
11,2,2,1,11,148,5.253771823432315
13,0,8,15,11,137,8.184330404366264
2,4,8,16,1,132,7.261795407526874
10,4,2,3,4,86,5.028521099211507
7,2,2,5,2,10,4.87484355831737
3,3,5,12,8,34,5.105017601468027
0,0,9,4,7,156,2.6069872026554934
5,3,5,19,9,167,6.946752278108467
14,1,2,5,8,207,5.501748630609149
4,1,8,13,11,9,5.3453510479126365
3,1,5,5,3,231,3.2022809398757794
3,2,2,10,3,53,3.651780117513866
12,3,1,12,10,20,6.924322224271311
14,4,8,5,4,243,9.898584996495899
12,4,4,6,10,17,6.4715838871107065
9,1,4,16,7,246,6.588376765067917
4,2,2,5,2,6,4.575122703731149
11,2,7,17,7,172,8.697978124290472
3,0,9,0,1,116,3.6502928452789236
1,4,1,4,6,77,3.6863932776503074
10,1,8,10,11,58,6.4619862440274165
13,3,3,4,10,164,7.51882385029995
5,3,1,18,2,82,5.812854300972093
3,1,2,14,9,146,5.262803915412815
11,0,9,12,4,171,7.52794691752224
13,2,0,3,1,85,5.26066284580074
5,0,3,2,11,174,2.5852352372526646
9,1,7,4,7,236,6.380288188601321
5,0,3,9,4,145,4.061822574296094
2,0,7,2,9,204,2.2262374076714484
0,3,1,0,1,30,2.3738140937806094
13,1,6,5,3,131,6.991704265315488
0,4,9,10,7,177,4.23581346449523
6,1,0,2,10,92,3.2607534487202736
12,1,5,7,5,246,6.221345623844165
0,2,9,3,5,191,3.9340935466941778
2,0,7,12,7,149,3.841899326550546
0,0,9,2,3,143,1.7182195698406446
8,3,2,4,9,229,4.940750818656923
11,3,4,17,10,135,8.02409124131908
6,0,1,0,11,100,3.3378838989105057
2,3,6,12,2,120,5.228001932024228
6,1,9,18,6,141,7.021223925507337
8,3,3,11,7,12,5.685500918450814
11,2,0,8,10,92,6.2466475954012415
5,0,0,4,11,28,1.360857854106756
0,1,0,11,9,101,2.2619844630568147
7,2,0,6,3,247,4.0820607520211345
5,4,9,13,1,194,8.295426453426561
7,1,4,9,11,220,4.198239207326676
6,0,2,1,1,44,2.3035852538530595
5,4,5,9,3,144,7.168912539259556
8,3,8,10,5,58,6.926465452764791
9,4,5,12,11,227,7.98894158600294
13,4,8,4,5,246,8.754347229263297
10,1,3,14,8,115,6.773959180792322
4,2,0,7,4,177,3.1494125905257917
12,0,0,10,7,75,5.342805658443174
1,4,5,14,5,246,6.024577624926448
10,2,2,5,6,187,4.758239136486557
7,2,3,11,3,146,5.751952404220267
9,4,5,9,1,136,7.532410982723325
7,1,8,11,11,29,5.993326987487338
2,4,6,0,1,12,4.203082509291803
10,1,2,10,2,156,5.7134793566837345
11,1,8,10,1,77,6.3918711332807625
0,0,0,9,10,87,2.0258089153140784
1,0,8,10,8,80,2.060969175872566
6,3,5,5,6,138,5.624883245412452
12,2,1,8,4,194,6.636486986336062
3,1,7,8,7,249,4.982493744327091
8,3,0,12,10,174,6.958246873069129
2,4,4,19,8,128,7.711355858574943
7,1,7,10,3,206,5.304038554708521
2,4,8,1,9,118,4.809034896375417
9,3,5,1,6,39,6.74018637913016
8,4,5,5,8,15,6.439269705115858
2,4,8,11,8,78,6.428626405873245
3,3,7,7,11,136,5.645494118792012
6,4,1,12,1,207,6.96345039794609
9,4,1,4,1,20,5.607063412477626
14,0,3,12,11,187,7.115230641962008
14,3,5,2,3,132,6.785152294708294
0,0,6,7,3,117,1.4795109549330434
0,4,6,14,4,77,5.442607368730344
11,4,2,4,7,205,6.730746792785272
10,1,2,14,7,92,6.3019891022976955
14,2,4,8,9,143,7.829266066848746
3,1,3,5,5,32,3.785222769547013
10,3,3,1,7,153,5.2971043615607964
5,2,2,7,9,97,4.021031488073631
7,1,4,16,7,114,6.471107336101818
1,2,1,16,10,159,5.143535117795158
11,4,2,10,5,53,8.201963382856468
9,2,2,3,5,105,6.177691527194742
8,0,3,8,3,73,3.9458577976875686
3,2,0,14,8,179,4.132280392003976
11,0,7,8,4,211,7.186231321474787
13,3,2,0,5,34,5.586461273011633
8,3,2,18,5,13,7.279074785952526
0,1,1,11,4,196,2.3192579000557307
6,2,2,3,6,14,4.0111290507959705
4,4,1,8,7,85,3.3487589432692957
6,2,1,13,1,241,5.756158527168772
1,3,5,7,9,87,4.12514948044539
13,1,6,14,7,27,6.720513678614454
13,3,6,7,10,177,8.267955841991117
6,3,1,16,1,123,5.44130750129836
0,0,3,8,11,31,2.2027579406788727
9,2,5,2,4,73,5.387516852742018
1,1,1,14,3,63,3.412856766088223
8,1,8,17,7,24,6.657404275450303
14,0,5,8,7,119,6.028162781958169
2,2,5,3,4,215,3.669523448750216
4,3,4,6,8,202,5.04137044357439
7,3,1,19,1,109,7.707797676178435
2,1,7,13,5,157,4.07648144940615
10,4,6,15,7,200,8.682803109561688
4,3,9,5,1,131,5.910403594186891
6,4,7,5,8,135,5.980125600427554
1,4,0,13,8,74,4.344029603132903
1,0,1,17,8,9,3.1651717724697193
9,3,6,13,8,197,8.567889274708628
2,2,5,4,5,48,3.9627764972901343
9,0,0,15,2,76,5.691844945476267
6,1,1,3,4,166,2.228286926606716
0,2,9,0,11,162,3.4768743826821837
10,4,4,5,10,76,6.683466701209974
7,4,3,18,3,241,6.987383614886641
6,0,3,0,6,220,2.4398406378369115
0,4,3,4,2,86,3.7693636616969286
6,4,5,6,1,209,5.0177936224240725
1,0,4,2,4,184,2.26618403550491
1,1,8,8,5,26,2.8614682668565465
10,2,0,16,8,67,6.541897978293178
0,3,7,18,9,223,6.490735621638234
7,3,2,3,6,116,4.630373138491618
13,2,1,8,2,122,6.0546166297183435
9,1,0,11,11,181,4.72614205701943
7,0,4,11,11,167,4.969319681657245
8,4,8,18,7,240,9.108988642348093
7,0,7,14,5,81,6.1796954998891955
6,2,8,2,9,148,5.258887105168682
6,3,0,15,4,51,5.6709866371969415
11,1,5,10,5,50,5.7967134728250045
11,4,0,19,8,219,8.320799996397586
0,2,3,13,7,177,4.333065986842822
0,0,5,12,2,203,2.8986568041308303
2,3,9,9,11,121,4.923012498506613
1,1,5,2,9,222,3.3652126220809055
3,1,6,14,11,61,5.985520031894635
5,2,6,0,6,118,4.398673361996268
12,4,6,11,9,36,8.118529901276473
8,4,2,12,8,84,6.561983569273856
0,0,2,18,1,150,4.111595627957925
8,1,3,4,7,231,4.830572776950162
9,2,8,2,6,225,4.747172254933089
14,3,4,13,11,236,9.667686596415411
9,2,9,19,5,166,8.552736283540735
11,0,0,14,6,95,5.8212699873312586
4,1,0,7,8,54,2.496110322604137
7,1,5,3,7,48,4.427516021546177
10,1,2,19,7,226,7.856851551441983
9,4,0,17,1,111,7.178499968653485
8,4,9,16,4,128,8.963482911657032
8,0,1,3,2,132,4.001808905328959
0,4,0,5,4,197,3.3322015171979067
5,1,4,8,2,238,4.910717735356132
1,1,2,9,11,208,2.2532335958956393
13,0,1,0,4,161,4.073919635376852
0,3,1,4,4,130,2.5422913977513235
1,2,9,8,2,220,4.608864577599441
6,0,9,0,7,47,4.073883925179709
7,3,8,1,1,138,5.9712431826179655
9,3,4,2,6,54,4.685393194412233
0,3,6,19,7,163,6.050912656531692
14,3,5,18,1,142,10.124085853637594
3,4,0,6,4,236,5.074792131048333
6,2,2,1,7,122,4.093011597302981
7,4,2,5,5,51,6.381474268804011
6,1,5,16,9,154,6.176055215865439
12,4,3,14,10,98,8.116859686585812
11,3,0,11,4,70,5.428309626087163
14,3,6,14,11,23,8.984243805451245
2,1,6,12,8,227,4.442382902554246
9,0,5,10,2,34,4.997027871465429
11,2,6,9,7,151,7.863699086249331
4,0,8,12,7,103,4.886009807409879
3,1,7,19,5,31,5.301978617296922
9,3,8,15,9,162,8.457512927949905
10,2,1,15,7,129,6.555421038147003
3,0,6,15,1,39,4.3027691619261015
13,3,3,15,8,184,9.232980265733955
11,2,6,1,4,132,6.101967117378566
14,1,0,13,1,241,6.997939634817913
0,3,0,1,7,27,1.6815719256016999
2,3,3,3,8,104,2.8192038672902275
12,4,0,12,7,193,7.656506239607306
14,2,0,14,2,133,8.048643808540215
1,1,6,16,3,125,4.848819475012385
0,3,5,15,7,137,5.099128417836495
9,3,1,10,6,124,6.708091239102161
8,1,5,17,2,73,6.238886190819505
7,0,8,5,10,149,4.414372540970666
3,3,1,18,8,240,6.205780892286548
0,3,0,18,1,24,4.237282894745537
1,0,1,18,4,184,2.7297659748611856
7,2,2,7,1,32,4.430429942449343
12,0,9,19,9,148,8.260566039821736
2,4,7,12,8,135,6.069556044535266
12,1,2,11,10,12,6.5111811963521244
1,0,7,0,3,107,1.3468072374560414
0,4,6,18,6,18,5.307275733816717
14,2,8,3,10,133,8.028372683973
11,3,7,1,3,24,6.918651605728252
2,1,6,10,9,118,3.719685924208016
6,2,3,5,9,13,4.926052082214946
10,0,5,13,9,61,6.482588594049262
4,2,9,14,7,10,5.601209074429772
5,1,5,12,11,33,4.467568657338716
9,3,3,9,7,46,6.333223522375162
11,3,8,11,5,11,9.116967000639129
14,3,8,2,3,180,7.77102906655281
13,1,1,12,11,231,7.244231209960752
14,2,0,13,2,6,7.6667180355746956
11,3,6,17,7,48,8.586114690370277
5,3,0,13,7,181,5.475021903347031
2,2,8,5,9,106,5.334145259470865
3,1,7,7,10,35,4.44766814787541
5,2,0,7,11,244,3.4920963703724937
6,4,3,4,4,21,4.77148933950428
13,2,2,15,2,132,8.189539038975681
12,0,4,11,11,138,6.80855290165114
1,0,0,13,9,39,3.164090764768748
1,3,4,12,6,121,4.381574451430784
2,3,1,2,6,188,2.360152164094753
14,4,3,3,2,131,7.139288406231802
9,2,6,0,10,99,5.663195429295804
2,4,3,14,5,65,5.075990965666277
11,0,6,11,8,240,6.073942260262067
11,0,1,16,7,77,5.800173633245011
7,1,9,7,1,81,6.5848279960379745
4,0,8,2,2,6,3.459800848704247
7,2,6,18,1,78,7.578548744938351
9,1,7,19,8,105,8.079336903770713
9,3,3,18,5,65,7.573658570243953
4,1,6,19,1,105,5.892675101347177
6,3,8,12,10,208,6.204410124752316
5,3,7,2,2,160,5.277842208190662
10,4,6,16,7,210,9.167496156707278
3,2,9,16,9,111,6.208501208667682
7,0,4,15,1,120,5.644108275707817
7,0,9,11,9,153,4.908701191600979
4,4,8,11,1,11,6.804045140811344
9,1,4,12,11,210,5.745469510795915
11,1,8,4,5,68,6.307060644343621
0,3,1,15,9,172,3.6275690281174366
13,0,7,6,1,172,5.857851509157206
0,1,1,12,11,159,3.0294752070753446
0,1,0,17,8,71,3.276137905095791
0,1,5,10,11,76,3.778598840120246
7,2,5,10,8,232,6.506429666593356
2,3,9,11,3,50,5.971282493530115
13,4,6,6,9,154,8.647566344882142
0,4,4,0,4,117,2.7264343919308875
10,1,7,18,3,184,7.925456628442151
9,3,8,3,2,147,6.177223471622082
5,0,6,14,10,144,4.7174059384368
2,1,7,17,5,196,5.194963884104868
13,2,3,18,4,109,7.808265348961848
11,1,3,1,3,139,5.407243650626119
8,1,0,11,4,184,4.870355681618401
7,0,7,13,8,79,5.196095580933306
5,1,9,1,7,71,4.377575777741047
9,0,3,9,5,173,5.238556528908415
8,4,9,6,4,169,6.925712338787448
7,1,1,17,6,163,5.825037751671201
4,4,6,2,11,39,4.743759426817939
13,2,3,12,2,197,8.403902293160398
3,4,2,11,1,20,4.8160834314345395
14,3,1,18,6,81,9.162782462048746
5,1,9,0,6,104,4.1381632322670825
14,3,9,11,5,17,8.74617447274377
1,1,8,16,6,164,4.44075970800363
4,0,3,4,11,45,2.6905066249790353
12,4,2,2,10,58,6.075799093212521
8,3,7,3,4,129,6.204505329099959
12,1,7,2,6,57,5.909314081132551
8,0,1,12,4,133,4.794460584626158
7,0,9,3,4,197,4.792273023755995
6,4,5,13,8,41,7.605744175909496
8,4,5,6,2,112,6.567386359446424
3,3,9,4,1,51,4.515764664372162
4,1,8,11,9,143,5.635619237685198
13,2,6,6,4,190,7.623937187938753
4,2,8,12,2,97,6.233927312272056
0,2,2,3,7,36,1.9614275639362853
13,0,6,10,9,30,6.615203573794178
2,0,7,15,2,29,4.546415666425381
10,3,7,0,10,63,6.004082376183281
